<?xml version="1.0" encoding="UTF-8"?>
<beans 
    xmlns="http://www.springframework.org/schema/beans"  
    xmlns:xsi="http://www.w3.org/2001/XMLSchema-instance"  
    xmlns:p="http://www.springframework.org/schema/p"  
    xsi:schemaLocation="http://www.springframework.org/schema/beans  
               http://www.springframework.org/schema/beans/spring-beans-3.0.xsd">
    <bean id="beanA" class="edu.met.p1.ClassA" lazy-init="true">
    	<constructor-arg name="b" ref="beanB"></constructor-arg>
    </bean>
    <bean id="beanB" class="edu.met.p1.ClassB" lazy-init="true">
    	<constructor-arg name="a" ref="beanA"></constructor-arg>
    </bean>
     <bean id="beanC" class="edu.met.p1.ClassC">
    	<property name="d" ref="beanD"></property>
    </bean>
     <bean id="beanD" class="edu.met.p1.ClassD">
    	<property name="c" ref="beanC"></property>
    </bean>
</beans>
